Month,Total Paid Over,Total HMRC Receipts,Income Tax,Pay As You Earn Income Tax (included within Income Tax),Self-Assessment Income Tax (included within Income Tax),Capital Gains Tax,Apprenticeship Levy,National Insurance Contributions,PAYE NIC1 (EMP'er),PAYE NIC1 (EMP'ee),SA NIC2&4,Value Added Tax,Corporation Tax,Offshore (included within Corporation Tax),Bank Levy,Bank Surcharge,Diverted Profits Tax,Digital Services Tax,Residential Property Developer Tax,Energy Profits Levy,Electricity Generator Levy,Economic Crime Levy,Petroleum Revenue Tax,Hydrocarbon Oil (Fuel duties),Inheritance Tax,Stamp Duty Shares,Stamp Duty Land Tax,Annual Tax on Enveloped Dwellings,Tobacco Duties,Spirits Duties,Beer Duties,Wines Duties,Cider Duties,Betting & Gaming,Air Passenger Duty,Insurance Premium Tax,Landfill Tax,Climate Change Levy,Aggregates Levy,Soft Drinks Industry Levy,Plastic Packaging Tax,Swiss Capital Tax,Customs Duties,Penalties
2017-04-01,53962.0,56228.0,16222.0,16278.0,-106.0,3.0,,11721.0,7133.0,4281.0,-12.0,13240.0,6676.0,,711.0,384.0,,,,,,,-1.0,2451.0,531.0,217.0,1007.0,60.0,845.0,214.0,305.0,315.0,25.0,234.0,277.0,62.0,73.0,288.0,27.0,,,,283.0,59.0
2017-05-01,38761.0,42703.0,12237.0,12940.0,-190.0,3.0,162.0,9946.0,5373.0,4339.0,-22.0,10528.0,2030.0,,,,,,,,,,-8.0,2279.0,555.0,318.0,1033.0,47.0,488.0,198.0,282.0,309.0,23.0,374.0,190.0,1057.0,58.0,241.0,44.0,,,,260.0,48.0
2017-06-01,34572.0,37848.0,11941.0,12177.0,139.0,5.0,198.0,10147.0,5670.0,4193.0,16.0,6485.0,2145.0,,,,,,,,,,-85.0,2391.0,439.0,334.0,1090.0,9.0,755.0,285.0,320.0,364.0,23.0,136.0,364.0,83.0,37.0,5.0,18.0,,,,284.0,76.0
2017-07-01,58981.0,62167.0,20389.0,12649.0,8046.0,5.0,211.0,12267.0,6391.0,4724.0,913.0,12729.0,7837.0,483.0,707.0,501.0,,,,,,,-200.0,2353.0,427.0,272.0,1216.0,7.0,800.0,274.0,315.0,356.0,30.0,391.0,296.0,297.0,94.0,240.0,12.0,,,,278.0,62.0
2017-08-01,41243.0,44235.0,12888.0,12171.0,1344.0,7.0,210.0,10549.0,6216.0,3931.0,153.0,10604.0,1921.0,,,,,,,,,,-24.0,2358.0,426.0,309.0,1195.0,4.0,757.0,254.0,294.0,350.0,27.0,125.0,203.0,1123.0,68.0,181.0,47.0,,,,300.0,60.0
2017-09-01,36384.0,39285.0,11403.0,11674.0,144.0,5.0,206.0,10083.0,5638.0,4204.0,16.0,7812.0,2778.0,,,,,,,,,,0.0,2349.0,423.0,291.0,1113.0,2.0,851.0,288.0,314.0,370.0,27.0,80.0,404.0,42.0,60.0,4.0,18.0,,,,311.0,51.0
2017-10-01,51981.0,54993.0,12551.0,12084.0,81.0,5.0,207.0,10575.0,5869.0,4283.0,9.0,13181.0,9467.0,603.0,683.0,516.0,,,,,,,0.0,2311.0,442.0,297.0,1162.0,2.0,753.0,309.0,255.0,344.0,29.0,538.0,370.0,289.0,77.0,189.0,65.0,,,,308.0,68.0
2017-11-01,42019.0,43997.0,11969.0,11951.0,97.0,6.0,208.0,10358.0,5767.0,4369.0,11.0,11539.0,1485.0,,,,,,,,,,9.0,2440.0,444.0,291.0,1111.0,1.0,653.0,415.0,298.0,424.0,25.0,175.0,308.0,1175.0,75.0,194.0,39.0,,,,301.0,55.0
2017-12-01,39149.0,41895.0,12573.0,11677.0,1108.0,10.0,176.0,10400.0,5807.0,4223.0,126.0,7098.0,4021.0,,,,,,,,,,-52.0,2407.0,387.0,333.0,1197.0,2.0,1170.0,508.0,344.0,531.0,28.0,101.0,243.0,12.0,41.0,19.0,17.0,,,,281.0,51.0
2018-01-01,75495.0,76392.0,26080.0,13291.0,12756.0,5599.0,252.0,12790.0,6313.0,4503.0,1724.0,13904.0,9979.0,671.0,662.0,377.0,,,,,,,-140.0,2126.0,376.0,259.0,1014.0,2.0,554.0,243.0,291.0,332.0,21.0,455.0,295.0,269.0,73.0,245.0,40.0,,,,254.0,42.0
2018-02-01,46205.0,51207.0,16963.0,12868.0,4271.0,1876.0,218.0,11151.0,6029.0,4239.0,577.0,11701.0,2253.0,,,,,,,,,,-67.0,2360.0,372.0,289.0,851.0,4.0,524.0,197.0,200.0,275.0,16.0,130.0,65.0,1167.0,57.0,235.0,36.0,,,,272.0,61.0
2018-03-01,38925.0,42374.0,14833.0,14507.0,605.0,269.0,223.0,10943.0,6336.0,4289.0,82.0,7602.0,2121.0,,,,219.0,,,,,,0.0,2053.0,382.0,309.0,917.0,3.0,677.0,244.0,242.0,287.0,20.0,120.0,337.0,94.0,45.0,22.0,15.0,,,51.0,281.0,65.0
2018-04-01,55734.0,57992.0,17054.0,17090.0,-65.0,5.0,273.0,12379.0,7604.0,4519.0,-6.0,12554.0,7246.0,,512.0,456.0,,,,,,,-13.0,2417.0,425.0,415.0,961.0,76.0,784.0,304.0,308.0,369.0,23.0,377.0,285.0,162.0,41.0,258.0,31.0,,,,258.0,33.0
2018-05-01,40689.0,45111.0,13038.0,13628.0,-102.0,4.0,228.0,10321.0,5563.0,4485.0,-9.0,10896.0,2230.0,,,,,,,,,,0.0,2314.0,487.0,236.0,894.0,36.0,970.0,272.0,313.0,351.0,22.0,281.0,278.0,1255.0,81.0,278.0,37.0,,,,235.0,53.0
2018-06-01,36057.0,38734.0,12338.0,12585.0,216.0,5.0,212.0,10488.0,5855.0,4336.0,20.0,7312.0,1694.0,,,,,,,,,,-67.0,2472.0,507.0,301.0,938.0,7.0,651.0,320.0,361.0,366.0,27.0,129.0,305.0,13.0,34.0,5.0,16.0,,,,253.0,47.0
2018-07-01,62884.0,66357.0,22141.0,13349.0,9004.0,5.0,220.0,12748.0,7198.0,4487.0,830.0,13834.0,8375.0,526.0,744.0,502.0,,,,,,,-138.0,2351.0,465.0,288.0,1121.0,2.0,803.0,296.0,336.0,366.0,29.0,445.0,323.0,339.0,73.0,237.0,42.0,61.0,,,256.0,91.0
2018-08-01,44390.0,47014.0,13771.0,12872.0,1338.0,8.0,228.0,10947.0,6080.0,4463.0,123.0,11430.0,2072.0,,,,,,,,,,-62.0,2377.0,473.0,296.0,1155.0,4.0,744.0,304.0,338.0,366.0,26.0,138.0,358.0,1346.0,68.0,203.0,42.0,1.0,,,290.0,91.0
2018-09-01,39231.0,40652.0,12051.0,12318.0,225.0,3.0,213.0,10591.0,5916.0,4377.0,21.0,8273.0,2690.0,,,,,,,,,,-6.0,2415.0,441.0,234.0,921.0,2.0,921.0,308.0,319.0,354.0,22.0,85.0,349.0,13.0,52.0,14.0,17.0,0.0,,,303.0,69.0
2018-10-01,54012.0,56504.0,13258.0,12866.0,154.0,5.0,218.0,11191.0,6182.0,4554.0,14.0,13160.0,9778.0,772.0,648.0,524.0,,,,,,,0.0,2241.0,460.0,421.0,1126.0,3.0,705.0,306.0,257.0,330.0,23.0,557.0,337.0,197.0,20.0,236.0,39.0,92.0,,,300.0,73.0
2018-11-01,43861.0,47909.0,13033.0,12676.0,130.0,6.0,219.0,10924.0,6027.0,4409.0,12.0,12033.0,2271.0,,,,,,,,,,0.0,2532.0,437.0,406.0,1061.0,2.0,1242.0,463.0,318.0,423.0,24.0,152.0,310.0,1341.0,113.0,152.0,44.0,1.0,,,339.0,64.0
2018-12-01,39952.0,42735.0,13626.0,12463.0,1384.0,14.0,213.0,10906.0,6006.0,4436.0,127.0,7674.0,4061.0,,,,,,,,,,-324.0,2377.0,396.0,278.0,1105.0,2.0,269.0,503.0,342.0,496.0,27.0,115.0,231.0,6.0,49.0,15.0,18.0,0.0,,,285.0,49.0
2019-01-01,79677.0,79860.0,28479.0,13950.0,14690.0,6666.0,233.0,13196.0,6618.0,4666.0,1614.0,13701.0,9757.0,614.0,687.0,422.0,,,,,,,-125.0,2242.0,370.0,238.0,848.0,1.0,686.0,249.0,304.0,327.0,20.0,257.0,335.0,203.0,48.0,271.0,39.0,84.0,,,263.0,58.0
2019-02-01,49697.0,54367.0,17197.0,13580.0,3838.0,2192.0,226.0,11570.0,6358.0,4458.0,437.0,13373.0,2025.0,,,,,,,,,,4.0,2254.0,372.0,225.0,881.0,1.0,648.0,228.0,212.0,395.0,17.0,323.0,258.0,1301.0,69.0,197.0,29.0,1.0,,,300.0,68.0
2019-03-01,43495.0,43972.0,15043.0,14533.0,543.0,279.0,230.0,11589.0,6691.0,4511.0,61.0,8297.0,2182.0,,,,12.0,,,,,,-13.0,2154.0,527.0,281.0,930.0,3.0,866.0,226.0,255.0,248.0,18.0,126.0,264.0,21.0,35.0,59.0,14.0,0.0,,-1.0,273.0,57.0
2019-04-01,58431.0,60904.0,18577.0,18622.0,-183.0,5.0,271.0,13210.0,8011.0,4877.0,-17.0,13041.0,7312.0,,560.0,429.0,,,,,,,0.0,2374.0,456.0,276.0,962.0,76.0,647.0,313.0,305.0,347.0,25.0,361.0,297.0,322.0,35.0,299.0,37.0,77.0,,,261.0,29.0
2019-05-01,41635.0,45334.0,13235.0,13754.0,-245.0,4.0,226.0,10765.0,5778.0,4682.0,-23.0,10994.0,2216.0,,,,,,,,,,0.0,2271.0,393.0,259.0,831.0,26.0,648.0,286.0,332.0,343.0,26.0,283.0,320.0,1196.0,71.0,201.0,36.0,1.0,,,258.0,112.0
2019-06-01,38930.0,41681.0,12910.0,13085.0,160.0,5.0,230.0,11078.0,6167.0,4606.0,15.0,8118.0,2836.0,,,,,,,,,,0.0,2387.0,357.0,227.0,831.0,3.0,767.0,326.0,340.0,370.0,26.0,88.0,347.0,20.0,38.0,28.0,17.0,0.0,,,270.0,60.0
2019-07-01,65830.0,68212.0,22706.0,13785.0,9356.0,4.0,246.0,13641.0,7627.0,4855.0,881.0,13640.0,9168.0,469.0,627.0,467.0,,,,,,,-137.0,2273.0,438.0,279.0,1116.0,4.0,724.0,275.0,306.0,337.0,22.0,492.0,370.0,376.0,87.0,276.0,56.0,84.0,,,266.0,68.0
2019-08-01,45349.0,48766.0,14129.0,12851.0,1697.0,8.0,226.0,11379.0,6265.0,4666.0,160.0,12446.0,2156.0,,,,,,,,,,-26.0,2388.0,405.0,312.0,1029.0,3.0,889.0,305.0,310.0,372.0,26.0,128.0,394.0,1260.0,38.0,192.0,35.0,1.0,,,291.0,70.0
2019-09-01,40589.0,42966.0,12396.0,12591.0,297.0,4.0,218.0,11198.0,6186.0,4652.0,28.0,8254.0,3985.0,,,,,,,,,,-7.0,2350.0,432.0,231.0,1004.0,1.0,914.0,320.0,352.0,343.0,24.0,111.0,363.0,46.0,45.0,15.0,18.0,0.0,,,301.0,45.0
2019-10-01,53727.0,55552.0,12793.0,12990.0,117.0,4.0,234.0,11619.0,6476.0,4822.0,11.0,13569.0,8527.0,401.0,667.0,417.0,,,,,,,-1.0,2302.0,489.0,287.0,1059.0,5.0,669.0,311.0,274.0,338.0,23.0,523.0,360.0,257.0,71.0,272.0,41.0,88.0,,,316.0,38.0
2019-11-01,44316.0,47169.0,12219.0,12473.0,234.0,5.0,221.0,11147.0,6212.0,4643.0,22.0,13031.0,2170.0,,,,,,,,,,-14.0,2356.0,404.0,365.0,941.0,2.0,637.0,442.0,254.0,483.0,22.0,195.0,363.0,1311.0,56.0,152.0,41.0,1.0,,,309.0,56.0
2019-12-01,44150.0,46426.0,13534.0,12621.0,1409.0,6.0,223.0,11523.0,6368.0,4738.0,133.0,7622.0,6133.0,,,,,,,,,,0.0,2427.0,478.0,304.0,1299.0,0.0,590.0,489.0,401.0,484.0,24.0,142.0,294.0,43.0,58.0,37.0,17.0,1.0,,,263.0,33.0
2020-01-01,81573.0,81603.0,29327.0,13981.0,15295.0,7048.0,238.0,13764.0,6797.0,4916.0,1750.0,14476.0,8603.0,404.0,617.0,287.0,,,,,,,-162.0,2128.0,417.0,312.0,777.0,1.0,1039.0,257.0,318.0,344.0,20.0,436.0,331.0,247.0,56.0,295.0,45.0,83.0,,,238.0,60.0
2020-02-01,49324.0,53868.0,17134.0,14026.0,3296.0,2408.0,243.0,12237.0,6757.0,4742.0,416.0,12586.0,1906.0,,,,,,,,,,-28.0,2296.0,407.0,299.0,824.0,3.0,473.0,233.0,211.0,287.0,17.0,129.0,292.0,1297.0,51.0,193.0,40.0,1.0,,,276.0,52.0
2020-03-01,38300.0,40946.0,14282.0,14060.0,576.0,326.0,222.0,11309.0,6462.0,4419.0,68.0,2107.0,6552.0,,,388.0,5.0,,,,,,-34.0,1950.0,446.0,466.0,928.0,2.0,805.0,269.0,43.0,246.0,15.0,133.0,82.0,41.0,34.0,44.0,15.0,1.0,,0.0,239.0,30.0
2020-04-01,32745.0,35181.0,14474.0,15585.0,-749.0,7.0,210.0,11049.0,6702.0,4139.0,-84.0,-896.0,3332.0,,611.0,301.0,,,,,,,0.0,1389.0,307.0,439.0,548.0,68.0,1538.0,286.0,69.0,320.0,12.0,225.0,30.0,249.0,38.0,271.0,33.0,30.0,,,208.0,30.0
2020-05-01,24274.0,26023.0,11001.0,11731.0,-215.0,10.0,203.0,9425.0,5193.0,4007.0,-24.0,-583.0,904.0,,,,,,,,,,-3.0,1002.0,319.0,298.0,361.0,20.0,230.0,340.0,117.0,380.0,24.0,258.0,7.0,1218.0,53.0,214.0,10.0,0.0,,,194.0,21.0
2020-06-01,33426.0,35809.0,12556.0,13194.0,105.0,21.0,247.0,11288.0,6378.0,4634.0,12.0,1078.0,4811.0,,,308.0,,,,,,,-1.0,1637.0,508.0,257.0,573.0,5.0,541.0,332.0,535.0,394.0,24.0,150.0,62.0,135.0,9.0,40.0,15.0,45.0,,,193.0,48.0
2020-07-01,50792.0,52888.0,18107.0,14259.0,4705.0,41.0,273.0,13703.0,7982.0,4927.0,529.0,10576.0,3028.0,84.0,626.0,,,,,,,,-60.0,1861.0,432.0,283.0,656.0,4.0,870.0,338.0,309.0,381.0,26.0,414.0,43.0,369.0,60.0,201.0,40.0,66.0,,,209.0,31.0
2020-08-01,41980.0,45364.0,14675.0,13145.0,1842.0,44.0,238.0,11513.0,6451.0,4597.0,207.0,10069.0,1646.0,,,,,,,,,,-72.0,2149.0,402.0,213.0,530.0,3.0,888.0,360.0,372.0,459.0,28.0,149.0,34.0,1157.0,64.0,150.0,14.0,1.0,,,248.0,31.0
2020-09-01,44652.0,46895.0,13339.0,13344.0,362.0,69.0,246.0,11635.0,6589.0,4753.0,41.0,7797.0,7378.0,,,205.0,,,,,,,-8.0,2148.0,465.0,156.0,693.0,1.0,1053.0,331.0,331.0,390.0,24.0,148.0,93.0,45.0,17.0,35.0,17.0,0.0,,,253.0,34.0
2020-10-01,49603.0,50272.0,13272.0,13288.0,369.0,72.0,242.0,11524.0,6547.0,4660.0,41.0,13443.0,3939.0,173.0,586.0,,,,,,,,0.0,2187.0,570.0,287.0,751.0,2.0,827.0,390.0,315.0,386.0,21.0,298.0,87.0,360.0,66.0,194.0,50.0,82.0,,,288.0,35.0
2020-11-01,44864.0,48655.0,14140.0,13344.0,643.0,92.0,243.0,11675.0,6599.0,4731.0,78.0,12219.0,2319.0,,,,,,,,,,-63.0,2135.0,493.0,249.0,825.0,2.0,885.0,453.0,278.0,450.0,25.0,350.0,39.0,1212.0,85.0,172.0,52.0,1.0,,,285.0,41.0
2020-12-01,49444.0,52309.0,15381.0,13711.0,2240.0,114.0,234.0,12214.0,6815.0,4865.0,272.0,8537.0,8980.0,,,266.0,,,,,,,0.0,1936.0,462.0,439.0,1181.0,1.0,699.0,476.0,250.0,495.0,18.0,125.0,89.0,19.0,23.0,36.0,24.0,0.0,,,274.0,36.0
2021-01-01,77217.0,79201.0,30780.0,14436.0,16465.0,7576.0,250.0,14347.0,6973.0,4722.0,2390.0,15368.0,4075.0,241.0,520.0,,,,,,,,-1.0,1714.0,378.0,313.0,579.0,1.0,981.0,302.0,232.0,338.0,16.0,435.0,59.0,218.0,67.0,266.0,48.0,72.0,,,229.0,38.0
2021-02-01,52204.0,54381.0,19273.0,14884.0,4282.0,2363.0,258.0,12471.0,7129.0,4754.0,330.0,11179.0,2403.0,,,,,,,,,,-30.0,1599.0,442.0,279.0,775.0,1.0,588.0,229.0,149.0,303.0,14.0,162.0,32.0,1311.0,70.0,163.0,39.0,1.0,,,252.0,54.0
2021-03-01,54813.0,57236.0,16743.0,15900.0,1139.0,721.0,266.0,12616.0,7440.0,4801.0,86.0,12862.0,7674.0,,,329.0,140.0,,,,,,-3.0,1418.0,549.0,466.0,1196.0,2.0,864.0,280.0,127.0,363.0,15.0,123.0,25.0,16.0,15.0,36.0,16.0,0.0,,-1.0,329.0,48.0
2021-04-01,54081.0,58273.0,18628.0,18321.0,289.0,174.0,291.0,13382.0,8150.0,4867.0,31.0,14660.0,2809.0,,484.0,,,,,,,,-66.0,2013.0,497.0,386.0,991.0,66.0,1362.0,328.0,256.0,411.0,14.0,415.0,20.0,335.0,48.0,245.0,36.0,66.0,,,382.0,39.0
2021-05-01,45779.0,48447.0,15258.0,15111.0,303.0,124.0,261.0,11566.0,6456.0,4760.0,33.0,11838.0,1976.0,,,,,,,,,,-46.0,2313.0,469.0,331.0,652.0,19.0,450.0,368.0,309.0,400.0,24.0,146.0,18.0,1251.0,69.0,254.0,42.0,1.0,,,332.0,25.0
2021-06-01,49539.0,52038.0,15063.0,15098.0,762.0,160.0,262.0,12537.0,7083.0,4976.0,81.0,8655.0,8044.0,,,536.0,,,,,,,-18.0,2252.0,539.0,410.0,1208.0,5.0,612.0,359.0,343.0,420.0,20.0,148.0,26.0,16.0,17.0,37.0,20.0,0.0,,,325.0,43.0
2021-07-01,65087.0,66855.0,22699.0,14958.0,8554.0,267.0,257.0,14050.0,8000.0,4948.0,900.0,17113.0,3630.0,394.0,297.0,,,,,,,,-13.0,2269.0,571.0,325.0,1309.0,4.0,1211.0,362.0,381.0,392.0,20.0,421.0,38.0,453.0,47.0,208.0,48.0,86.0,,,377.0,34.0
2021-08-01,51121.0,53948.0,16206.0,14476.0,2218.0,122.0,253.0,12418.0,6990.0,4886.0,234.0,14714.0,2101.0,,,,,,,,,,-53.0,2288.0,576.0,284.0,910.0,2.0,709.0,362.0,343.0,392.0,25.0,225.0,63.0,1216.0,90.0,225.0,42.0,0.0,,,375.0,59.0
2021-09-01,52076.0,53804.0,15044.0,14589.0,695.0,132.0,254.0,12591.0,7102.0,5022.0,74.0,8326.0,9555.0,,,610.0,,,,,,,-27.0,2252.0,488.0,293.0,1283.0,2.0,1171.0,359.0,336.0,388.0,25.0,100.0,77.0,31.0,19.0,20.0,20.0,0.0,,,406.0,46.0
2021-10-01,56384.0,57370.0,14500.0,14504.0,362.0,200.0,260.0,12438.0,7076.0,4980.0,39.0,17122.0,4714.0,699.0,351.0,,,,,,,,-103.0,2269.0,466.0,396.0,1323.0,2.0,758.0,420.0,345.0,406.0,23.0,349.0,91.0,208.0,19.0,175.0,41.0,91.0,,,437.0,69.0
2021-11-01,51725.0,55273.0,15278.0,14926.0,597.0,153.0,253.0,12772.0,7231.0,5108.0,64.0,15083.0,2404.0,,,,,,,,,,0.0,2233.0,500.0,328.0,1209.0,6.0,915.0,507.0,340.0,464.0,16.0,354.0,126.0,1463.0,125.0,219.0,44.0,0.0,,,428.0,53.0
2021-12-01,58240.0,59349.0,16578.0,14881.0,2402.0,119.0,247.0,12836.0,7202.0,5078.0,253.0,9162.0,11787.0,,,664.0,,,,,,,0.0,2285.0,474.0,401.0,1737.0,2.0,738.0,517.0,357.0,520.0,17.0,108.0,149.0,66.0,19.0,17.0,41.0,0.0,,,458.0,51.0
2022-01-01,87028.0,89721.0,32371.0,16287.0,16424.0,10669.0,286.0,15275.0,7724.0,5112.0,2108.0,18567.0,5215.0,903.0,336.0,,,,,,,,-53.0,1841.0,443.0,252.0,944.0,5.0,876.0,274.0,266.0,309.0,20.0,509.0,154.0,313.0,53.0,236.0,15.0,88.0,,,414.0,45.0
2022-02-01,59496.0,61645.0,19889.0,16981.0,3040.0,2091.0,287.0,14110.0,8128.0,5257.0,390.0,14794.0,2370.0,,,,,,,,,,-96.0,2041.0,448.0,592.0,1186.0,4.0,695.0,256.0,227.0,336.0,13.0,156.0,111.0,1257.0,86.0,268.0,44.0,1.0,,,429.0,52.0
2022-03-01,56581.0,58996.0,19097.0,18121.0,1382.0,1052.0,304.0,14068.0,8371.0,5215.0,177.0,7513.0,9140.0,,,526.0,220.0,380.0,,,,,-77.0,1916.0,585.0,373.0,1346.0,3.0,780.0,288.0,244.0,295.0,18.0,143.0,146.0,18.0,75.0,25.0,17.0,0.0,,0.0,429.0,70.0
2022-04-01,66361.0,69001.0,22905.0,22631.0,338.0,145.0,356.0,15651.0,9750.0,5478.0,31.0,17213.0,3574.0,,263.0,,,,,,,,-29.0,2095.0,507.0,403.0,1463.0,60.0,1276.0,369.0,316.0,422.0,15.0,504.0,200.0,335.0,36.0,247.0,33.0,80.0,,,506.0,55.0
2022-05-01,51667.0,53230.0,16414.0,16904.0,176.0,178.0,270.0,13976.0,7713.0,5884.0,16.0,11309.0,2383.0,,,,,,,,,,-8.0,2278.0,564.0,307.0,1229.0,28.0,613.0,299.0,319.0,336.0,25.0,194.0,225.0,1386.0,103.0,288.0,42.0,0.0,,,412.0,60.0
2022-06-01,55253.0,56560.0,16149.0,16129.0,813.0,154.0,294.0,14509.0,8149.0,5908.0,76.0,8588.0,8835.0,,,630.0,,,51.0,,,,-4.0,2170.0,726.0,306.0,1378.0,6.0,695.0,367.0,350.0,398.0,16.0,112.0,263.0,46.0,11.0,22.0,19.0,0.0,,,416.0,51.0
2022-07-01,71372.0,73911.0,25381.0,16730.0,9297.0,153.0,293.0,16356.0,9170.0,5952.0,865.0,17243.0,5792.0,1921.0,339.0,,,,,,,,-18.0,2063.0,570.0,315.0,1497.0,3.0,900.0,334.0,308.0,371.0,21.0,326.0,269.0,413.0,74.0,218.0,41.0,92.0,58.0,,448.0,48.0
2022-08-01,55499.0,58223.0,18371.0,16688.0,2312.0,189.0,286.0,14653.0,8646.0,5444.0,215.0,12850.0,2651.0,,,,,,,,,,-104.0,2127.0,576.0,291.0,1578.0,5.0,773.0,314.0,325.0,366.0,21.0,390.0,307.0,1346.0,57.0,286.0,39.0,1.0,9.0,,433.0,84.0
2022-09-01,57520.0,57944.0,15915.0,15729.0,653.0,185.0,267.0,13969.0,8245.0,5294.0,61.0,8628.0,10425.0,,,719.0,,,41.0,,,,-2.0,2011.0,557.0,369.0,1457.0,4.0,1221.0,337.0,356.0,358.0,17.0,93.0,306.0,98.0,38.0,23.0,20.0,0.0,2.0,,472.0,58.0
2022-10-01,61936.0,63805.0,16436.0,16296.0,476.0,190.0,283.0,14524.0,8604.0,5495.0,44.0,16719.0,7149.0,2645.0,365.0,,,,,,,,0.0,2131.0,580.0,367.0,1317.0,6.0,677.0,390.0,288.0,357.0,26.0,341.0,290.0,316.0,78.0,212.0,31.0,94.0,59.0,,525.0,54.0
2022-11-01,55536.0,58458.0,16846.0,16554.0,692.0,231.0,292.0,14643.0,8706.0,5558.0,64.0,14375.0,2714.0,,,,,,,,,,0.0,2118.0,673.0,246.0,1337.0,3.0,713.0,407.0,314.0,385.0,34.0,377.0,299.0,1508.0,73.0,253.0,46.0,1.0,6.0,,503.0,63.0
2022-12-01,62435.0,62732.0,18765.0,16896.0,2370.0,188.0,283.0,13622.0,8134.0,4956.0,220.0,8988.0,10867.0,,,665.0,,,33.0,1660.0,,,0.0,2068.0,545.0,332.0,1420.0,1.0,988.0,521.0,305.0,544.0,17.0,109.0,250.0,24.0,15.0,19.0,19.0,0.0,2.0,,428.0,57.0
2023-01-01,102849.0,106375.0,39802.0,18233.0,21997.0,12796.0,306.0,16487.0,8645.0,5043.0,2351.0,19662.0,8370.0,2046.0,366.0,,,,,972.0,,,-26.0,1965.0,578.0,248.0,827.0,2.0,748.0,261.0,328.0,311.0,18.0,566.0,288.0,474.0,68.0,226.0,36.0,85.0,53.0,,489.0,70.0
2023-02-01,60510.0,63150.0,21015.0,18434.0,3080.0,1920.0,301.0,14370.0,8702.0,5011.0,329.0,14014.0,3837.0,,,,,,,,,,-41.0,2177.0,531.0,299.0,846.0,3.0,581.0,233.0,200.0,287.0,14.0,145.0,245.0,1327.0,52.0,281.0,35.0,0.0,9.0,,380.0,89.0
2023-03-01,61391.0,63616.0,20360.0,20069.0,735.0,600.0,352.0,14685.0,9138.0,5025.0,79.0,8459.0,11298.0,,,566.0,42.0,567.0,33.0,,,,-2.0,1902.0,679.0,299.0,1010.0,2.0,818.0,302.0,271.0,255.0,13.0,146.0,242.0,69.0,22.0,22.0,18.0,1.0,2.0,0.0,514.0,73.0
2023-04-01,68310.0,71840.0,24802.0,25277.0,-206.0,134.0,378.0,16564.0,10827.0,5425.0,-20.0,17944.0,3778.0,,238.0,,,,,,,,-20.0,2086.0,597.0,252.0,918.0,69.0,648.0,337.0,319.0,388.0,20.0,554.0,285.0,548.0,70.0,231.0,41.0,83.0,54.0,,426.0,99.0
2023-05-01,54837.0,57961.0,19528.0,19886.0,-30.0,177.0,295.0,13948.0,8414.0,5188.0,-3.0,13712.0,2453.0,,,,,,,,,,0.0,2058.0,609.0,250.0,867.0,26.0,503.0,314.0,300.0,357.0,20.0,174.0,287.0,1270.0,31.0,290.0,29.0,-1.0,8.0,,383.0,72.0
2023-06-01,59010.0,60876.0,18117.0,18384.0,743.0,140.0,300.0,13852.0,8301.0,5130.0,72.0,9322.0,11809.0,,,427.0,,,,,,,0.0,2136.0,795.0,338.0,955.0,7.0,555.0,349.0,310.0,341.0,24.0,139.0,315.0,62.0,17.0,5.0,14.0,0.0,5.0,,431.0,111.0
2023-07-01,76736.0,80563.0,29823.0,19684.0,11349.0,157.0,343.0,16708.0,9850.0,5407.0,1143.0,18553.0,4996.0,862.0,315.0,,,,,1071.0,,,0.0,1681.0,603.0,239.0,1076.0,4.0,923.0,484.0,388.0,424.0,18.0,539.0,332.0,884.0,77.0,248.0,46.0,88.0,59.0,,394.0,92.0
2023-08-01,58607.0,61641.0,19952.0,18881.0,1512.0,170.0,306.0,14422.0,8685.0,5312.0,147.0,15429.0,1918.0,,,,,,,,,,-118.0,2555.0,644.0,283.0,1125.0,4.0,865.0,528.0,404.0,623.0,24.0,145.0,371.0,1159.0,34.0,194.0,30.0,1.0,6.0,,420.0,146.0
2023-09-01,60144.0,61845.0,17699.0,17961.0,141.0,165.0,299.0,13808.0,8371.0,5146.0,14.0,7514.0,13842.0,,,442.0,,,64.0,692.0,807.0,11.0,-119.0,1962.0,623.0,223.0,1015.0,7.0,927.0,193.0,255.0,253.0,15.0,126.0,347.0,71.0,21.0,22.0,18.0,0.0,1.0,,455.0,88.0
2023-10-01,64232.0,67399.0,18798.0,18580.0,300.0,174.0,305.0,14396.0,8635.0,5281.0,29.0,18332.0,5542.0,783.0,299.0,,,,,967.0,,2.0,-3.0,2122.0,691.0,266.0,1119.0,4.0,715.0,307.0,264.0,360.0,15.0,572.0,347.0,770.0,86.0,248.0,48.0,86.0,59.0,,410.0,96.0
2023-11-01,56940.0,59566.0,19178.0,18368.0,553.0,172.0,310.0,14315.0,8604.0,5301.0,54.0,14479.0,2777.0,,,,,,,,,,-3.0,2234.0,594.0,242.0,973.0,3.0,671.0,392.0,299.0,399.0,22.0,160.0,353.0,1263.0,39.0,117.0,27.0,0.0,6.0,,480.0,66.0
2023-12-01,65838.0,65540.0,19774.0,18256.0,1738.0,159.0,296.0,14167.0,8429.0,5263.0,169.0,8987.0,14362.0,,,332.0,,,,,330.0,,0.0,2102.0,547.0,322.0,1112.0,3.0,751.0,471.0,343.0,462.0,20.0,127.0,292.0,76.0,12.0,21.0,17.0,0.0,3.0,,378.0,74.0
2024-01-01,105243.0,107792.0,42276.0,20612.0,21723.0,10620.0,338.0,18022.0,9608.0,5672.0,2407.0,19719.0,8027.0,1306.0,577.0,,,,,857.0,,,-153.0,1841.0,556.0,203.0,808.0,2.0,901.0,256.0,286.0,362.0,20.0,586.0,323.0,439.0,46.0,238.0,34.0,76.0,62.0,,371.0,100.0
2024-02-01,62273.0,66329.0,23468.0,19917.0,3704.0,1926.0,326.0,14412.0,9159.0,4544.0,410.0,15230.0,3106.0,,,,,,,,,,-11.0,2115.0,564.0,292.0,781.0,3.0,657.0,238.0,215.0,313.0,7.0,136.0,279.0,1526.0,37.0,193.0,33.0,2.0,6.0,,353.0,123.0
2024-03-01,64181.0,67232.0,21842.0,21465.0,730.0,500.0,343.0,14575.0,9619.0,4568.0,81.0,9169.0,13048.0,,,245.0,108.0,678.0,39.0,,336.0,,0.0,2030.0,676.0,287.0,864.0,1.0,687.0,269.0,238.0,328.0,17.0,132.0,280.0,77.0,19.0,19.0,14.0,1.0,2.0,0.0,304.0,102.0
2024-04-01,73649.0,75852.0,27554.0,28120.0,-373.0,156.0,413.0,17178.0,11756.0,5091.0,-27.0,17588.0,4314.0,,274.0,,,,,,,,0.0,1903.0,683.0,368.0,957.0,78.0,814.0,309.0,286.0,381.0,15.0,624.0,320.0,615.0,49.0,289.0,39.0,77.0,55.0,,435.0,79.0
2024-05-01,55815.0,58335.0,20207.0,21074.0,-49.0,161.0,329.0,12856.0,8738.0,3779.0,-4.0,13472.0,3049.0,,,,,,,,,,0.0,2044.0,701.0,389.0,1018.0,24.0,459.0,320.0,303.0,393.0,22.0,136.0,305.0,1431.0,27.0,240.0,25.0,0.0,6.0,,357.0,60.0
2024-06-01,62259.0,63893.0,20220.0,20066.0,705.0,157.0,315.0,12988.0,8848.0,3783.0,50.0,10363.0,12354.0,,,245.0,,,,,275.0,,0.0,2067.0,701.0,350.0,1016.0,4.0,619.0,352.0,359.0,378.0,26.0,124.0,346.0,69.0,22.0,26.0,19.0,0.0,0.0,,433.0,63.0
2024-07-01,81248.0,83691.0,33465.0,21543.0,12764.0,183.0,334.0,15607.0,10404.0,3976.0,909.0,18540.0,5434.0,505.0,359.0,,,,,791.0,,,-132.0,2116.0,749.0,335.0,1185.0,4.0,783.0,316.0,317.0,384.0,27.0,629.0,357.0,957.0,75.0,227.0,48.0,84.0,60.0,,383.0,71.0
2024-08-01,57993.0,60617.0,20942.0,19800.0,1503.0,197.0,320.0,13189.0,8980.0,3778.0,107.0,14145.0,3199.0,,,,,,,,,,-44.0,2054.0,697.0,384.0,1112.0,3.0,797.0,320.0,322.0,381.0,19.0,119.0,403.0,1352.0,56.0,135.0,30.0,0.0,4.0,,395.0,86.0
2024-09-01,63533.0,64008.0,19386.0,19474.0,448.0,192.0,327.0,13031.0,8895.0,3758.0,32.0,9146.0,14188.0,,,271.0,,,59.0,,299.0,14.0,0.0,2059.0,736.0,263.0,1103.0,4.0,798.0,323.0,293.0,366.0,22.0,147.0,374.0,73.0,13.0,24.0,19.0,0.0,0.0,,424.0,51.0
2024-10-01,69907.0,69316.0,19882.0,19486.0,430.0,251.0,330.0,13542.0,9170.0,3915.0,31.0,18654.0,6108.0,332.0,317.0,,,,,1114.0,,3.0,0.0,1983.0,776.0,391.0,1357.0,4.0,653.0,372.0,268.0,406.0,15.0,622.0,378.0,956.0,87.0,167.0,46.0,82.0,59.0,,434.0,56.0
2024-11-01,59755.0,61366.0,20515.0,20051.0,585.0,222.0,336.0,13496.0,9200.0,3912.0,42.0,15406.0,2429.0,,,,,,,,,,0.0,2253.0,665.0,455.0,1310.0,4.0,755.0,347.0,285.0,387.0,13.0,146.0,376.0,1201.0,44.0,159.0,29.0,0.0,5.0,,468.0,60.0
2024-12-01,69368.0,70162.0,22537.0,20372.0,2449.0,335.0,329.0,14011.0,9493.0,3975.0,174.0,8613.0,16575.0,,,179.0,,,,,130.0,,0.0,1904.0,620.0,347.0,1517.0,3.0,493.0,590.0,313.0,585.0,21.0,151.0,311.0,53.0,15.0,21.0,19.0,0.0,1.0,,436.0,52.0
2025-01-01,106405.0,112022.0,49304.0,23299.0,25860.0,10033.0,356.0,16920.0,10182.0,4148.0,2168.0,19317.0,6904.0,1125.0,369.0,,,,,952.0,,,-62.0,1780.0,639.0,287.0,848.0,1.0,610.0,283.0,297.0,315.0,18.0,640.0,360.0,853.0,50.0,299.0,45.0,80.0,58.0,,393.0,74.0
2025-02-01,70956.0,68846.0,25224.0,22021.0,3242.0,1387.0,345.0,14563.0,9880.0,3955.0,272.0,16165.0,2971.0,,,,,,,,,,-112.0,2155.0,612.0,330.0,1051.0,2.0,668.0,347.0,308.0,426.0,16.0,149.0,297.0,1259.0,35.0,169.0,25.0,1.0,4.0,,370.0,76.0
2025-03-01,68699.0,70541.0,23560.0,23611.0,601.0,412.0,365.0,15137.0,10522.0,3988.0,50.0,9586.0,13388.0,,,278.0,105.0,808.0,43.0,,45.0,,0.0,2041.0,671.0,423.0,1408.0,2.0,478.0,275.0,167.0,321.0,8.0,128.0,298.0,61.0,15.0,35.0,16.0,0.0,1.0,,368.0,99.0
2025-04-01,79125.0,80851.0,29822.0,30714.0,-549.0,191.0,474.0,17568.0,12665.0,4482.0,-26.0,18890.0,4484.0,,296.0,,,,,,,,0.0,2032.0,780.0,459.0,1306.0,79.0,796.0,269.0,289.0,346.0,18.0,644.0,336.0,648.0,65.0,399.0,33.0,80.0,57.0,,409.0,82.0
2025-05-01,61181.0,62823.0,21208.0,22224.0,77.0,232.0,333.0,14941.0,10664.0,3899.0,4.0,14848.0,2967.0,,,,,,,,,,0.0,2122.0,701.0,399.0,930.0,19.0,599.0,209.0,285.0,297.0,22.0,178.0,363.0,1481.0,26.0,176.0,34.0,1.0,7.0,,375.0,70.0
2025-06-01,66239.0,67110.0,21052.0,21302.0,874.0,144.0,341.0,15313.0,10954.0,3915.0,42.0,9944.0,13006.0,,,275.0,,,,,,,0.0,1926.0,738.0,333.0,1055.0,11.0,669.0,395.0,346.0,404.0,33.0,160.0,392.0,41.0,16.0,30.0,20.0,0.0,-1.0,,382.0,83.0
2025-07-01,90812.0,92843.0,37751.0,22779.0,15452.0,165.0,361.0,18164.0,12852.0,4196.0,735.0,20116.0,5806.0,868.0,344.0,,,,,928.0,,,-266.0,2055.0,844.0,366.0,1422.0,4.0,773.0,291.0,305.0,348.0,27.0,642.0,398.0,1025.0,73.0,233.0,48.0,86.0,61.0,,409.0,65.0
2025-08-01,62028.0,63052.0,21775.0,21005.0,1304.0,190.0,341.0,15810.0,11400.0,3983.0,62.0,13021.0,3119.0,,,,,,,,,,0.0,2031.0,658.0,373.0,1314.0,3.0,646.0,375.0,323.0,391.0,29.0,162.0,439.0,1301.0,68.0,126.0,32.0,0.0,5.0,,433.0,85.0
2025-09-01,71246.0,71201.0,22053.0,22298.0,497.0,207.0,349.0,16400.0,11853.0,4150.0,24.0,9870.0,14488.0,,,258.0,,,43.0,,,17.0,0.0,2208.0,671.0,302.0,1454.0,4.0,732.0,266.0,291.0,349.0,25.0,140.0,434.0,40.0,22.0,25.0,20.0,0.0,1.0,,464.0,67.0
2025-10-01,74787.0,75323.0,21613.0,21518.0,447.0,230.0,362.0,16181.0,11638.0,4088.0,21.0,20282.0,5809.0,406.0,413.0,,,,,920.0,,3.0,0.0,2017.0,811.0,457.0,1531.0,3.0,644.0,356.0,257.0,441.0,21.0,612.0,383.0,985.0,91.0,174.0,47.0,93.0,59.0,,453.0,76.0
2025-11-01,62444.0,64944.0,21704.0,21431.0,587.0,224.0,336.0,16079.0,11638.0,4000.0,28.0,14915.0,2566.0,,,,,,,,,,0.0,2256.0,588.0,358.0,1371.0,4.0,593.0,533.0,318.0,468.0,31.0,189.0,435.0,1258.0,58.0,140.0,29.0,0.0,3.0,,429.0,60.0
2025-12-01,76978.0,79235.0,25244.0,22075.0,3054.0,231.0,338.0,16780.0,11940.0,4124.0,145.0,9923.0,18322.0,,,309.0,,,,,,,0.0,2098.0,769.0,441.0,1725.0,3.0,647.0,486.0,300.0,528.0,24.0,133.0,355.0,43.0,14.0,17.0,20.0,3.0,4.0,,406.0,72.0
2026-01-01,125510.0,126444.0,51255.0,23582.0,27589.0,18948.0,375.0,18579.0,12599.0,4226.0,1351.0,21753.0,6513.0,935.0,390.0,,,,,716.0,,,0.0,1985.0,537.0,353.0,899.0,3.0,431.0,207.0,252.0,289.0,19.0,643.0,409.0,872.0,142.0,250.0,36.0,86.0,55.0,,367.0,81.0
2026-02-01,73507.0,75743.0,27956.0,23889.0,4218.0,3018.0,385.0,17316.0,12597.0,4153.0,206.0,16225.0,2671.0,,,,,,,,,,0.0,2043.0,614.0,412.0,995.0,3.0,461.0,400.0,307.0,390.0,30.0,177.0,356.0,1255.0,23.0,195.0,35.0,0.0,3.0,,381.0,92.0
2026-03-01,75254.0,78194.0,25497.0,25421.0,521.0,530.0,395.0,17698.0,13104.0,4186.0,26.0,10073.0,15354.0,,,328.0,604.0,944.0,46.0,,41.0,,-177.0,1786.0,755.0,482.0,1157.0,3.0,577.0,282.0,188.0,357.0,17.0,151.0,318.0,88.0,25.0,26.0,15.0,5.0,2.0,,463.0,163.0
2026-04-01,85368.0,85214.0,31039.0,32329.0,-653.0,162.0,458.0,20918.0,15551.0,4642.0,-30.0,18310.0,4981.0,,294.0,,,,,,,,0.0,2335.0,715.0,467.0,1287.0,86.0,696.0,277.0,249.0,370.0,22.0,692.0,334.0,499.0,35.0,338.0,31.0,86.0,56.0,,448.0,27.0
2026-05-01,64461.0,65414.0,22022.0,24222.0,9.0,168.0,359.0,14760.0,11307.0,4130.0,0.0,15950.0,3316.0,,,,,,,,,,0.0,2006.0,730.0,495.0,1068.0,15.0,587.0,330.0,345.0,366.0,28.0,177.0,362.0,1621.0,38.0,186.0,40.0,1.0,3.0,,370.0,70.0
2026-06-01,72629.0,74055.0,23610.0,23831.0,1096.0,192.0,369.0,16738.0,12048.0,4274.0,51.0,10276.0,15193.0,,,324.0,,,,,,,0.0,2026.0,871.0,421.0,1239.0,6.0,652.0,299.0,282.0,338.0,28.0,116.0,414.0,52.0,5.0,30.0,18.0,0.0,10.0,,438.0,109.0
2026-07-01,97476.0,97999.0,40889.0,23439.0,17140.0,194.0,372.0,19074.0,13185.0,4222.0,794.0,20233.0,6332.0,317.0,416.0,,,,,762.0,,,-63.0,1998.0,868.0,425.0,1386.0,4.0,983.0,256.0,298.0,374.0,26.0,948.0,445.0,789.0,52.0,245.0,44.0,97.0,60.0,,425.0,68.0
2026-08-01,66216.0,68886.0,24330.0,24079.0,1476.0,198.0,364.0,16641.0,12449.0,4273.0,69.0,15874.0,2416.0,,,,,,,,,,-29.0,2123.0,598.0,332.0,1222.0,2.0,499.0,452.0,389.0,434.0,36.0,220.0,481.0,1524.0,65.0,131.0,26.0,0.0,4.0,,454.0,100.0
