Table 1. HM Revenue and Customs Receipts (Monthly),,,,,,,,,,,,,,,,,,,,,,,,,,,,,,,,,,,,,,,,,,,,,,
This tab contains 1 table.,,,,,,,,,,,,,,,,,,,,,,,,,,,,,,,,,,,,,,,,,,,,,,
This table includes monthly data on all taxes administered by HMRC. Receipts are on a cash basis and represent when HMRC received a payment for a taxable event. Figures are presented in £ million.,,,,,,,,,,,,,,,,,,,,,,,,,,,,,,,,,,,,,,,,,,,,,,
The table also includes data on amounts paid over into the Consolidated Fund and National Insurance Fund: the latter excludes Northern Ireland.,,,,,,,,,,,,,,,,,,,,,,,,,,,,,,,,,,,,,,,,,,,,,,
The corresponding Office for National Statistics identifier codes can be found in the Quality Report: HMRC Receipts.,,,,,,,,,,,,,,,,,,,,,,,,,,,,,,,,,,,,,,,,,,,,,,
Table 1 HMRC Receipts by month,Total Paid Over,Total HMRC Receipts,Income Tax,Pay As You Earn Income Tax (included within Income Tax),Self-Assessment Income Tax (included within Income Tax),Capital Gains Tax,Apprenticeship Levy,National Insurance Contributions,PAYE NIC1 (EMP'er),PAYE NIC1 (EMP'ee),SA NIC2&4,Value Added Tax,Corporation Tax,Offshore (included within Corporation Tax),Bank Levy,Bank Surcharge,Diverted Profits Tax,Digital Services Tax,Residential Property Developer Tax,Energy Profits Levy,Electricity Generator Levy,Economic Crime Levy,Bank payroll tax,Petroleum Revenue Tax,Hydrocarbon Oil (Fuel duties),Inheritance Tax,Stamp Duty Shares,Stamp Duty Land Tax,Annual Tax on Enveloped Dwellings,Tobacco Duties,Spirits Duties,Beer Duties,Wines Duties,Cider Duties,Betting & Gaming,Air Passenger Duty,Insurance Premium Tax,Landfill Tax,Climate Change Levy,Aggregates Levy,Soft Drinks Industry Levy,Plastic Packaging Tax,Swiss Capital Tax,Misc,Customs Duties,Penalties
April 2017,"53,962","56,228","16,222","16,278",-106,3,[X],"11,721","7,133","4,281",-12,"13,240","6,676",[X],711,384,[X],[X],[X],[X],[X],[X],[X],-1,"2,451",531,217,"1,007",60,845,214,305,315,25,234,277,62,73,288,27,[X],[X],[X],[X],283,59
May 2017,"38,761","42,703","12,237","12,940",-190,3,162,"9,946","5,373","4,339",-22,"10,528","2,030",[X],[X],[X],[X],[X],[X],[X],[X],[X],[X],-8,"2,279",555,318,"1,033",47,488,198,282,309,23,374,190,"1,057",58,241,44,[X],[X],[X],[X],260,48
June 2017,"34,572","37,848","11,941","12,177",139,5,198,"10,147","5,670","4,193",16,"6,485","2,145",[X],[X],[X],[X],[X],[X],[X],[X],[X],[X],-85,"2,391",439,334,"1,090",9,755,285,320,364,23,136,364,83,37,5,18,[X],[X],[X],[X],284,76
July 2017,"58,981","62,167","20,389","12,649","8,046",5,211,"12,267","6,391","4,724",913,"12,729","7,837",483,707,501,[X],[X],[X],[X],[X],[X],[X],-200,"2,353",427,272,"1,216",7,800,274,315,356,30,391,296,297,94,240,12,[X],[X],[X],[X],278,62
August 2017,"41,243","44,235","12,888","12,171","1,344",7,210,"10,549","6,216","3,931",153,"10,604","1,921",[X],[X],[X],[X],[X],[X],[X],[X],[X],[X],-24,"2,358",426,309,"1,195",4,757,254,294,350,27,125,203,"1,123",68,181,47,[X],[X],[X],[X],300,60
September 2017,"36,384","39,285","11,403","11,674",144,5,206,"10,083","5,638","4,204",16,"7,812","2,778",[X],[X],[X],[X],[X],[X],[X],[X],[X],[X],0,"2,349",423,291,"1,113",2,851,288,314,370,27,80,404,42,60,4,18,[X],[X],[X],[X],311,51
October 2017,"51,981","54,993","12,551","12,084",81,5,207,"10,575","5,869","4,283",9,"13,181","9,467",603,683,516,[X],[X],[X],[X],[X],[X],[X],0,"2,311",442,297,"1,162",2,753,309,255,344,29,538,370,289,77,189,65,[X],[X],[X],[X],308,68
November 2017,"42,019","43,997","11,969","11,951",97,6,208,"10,358","5,767","4,369",11,"11,539","1,485",[X],[X],[X],[X],[X],[X],[X],[X],[X],[X],9,"2,440",444,291,"1,111",1,653,415,298,424,25,175,308,"1,175",75,194,39,[X],[X],[X],[X],301,55
December 2017,"39,149","41,895","12,573","11,677","1,108",10,176,"10,400","5,807","4,223",126,"7,098","4,021",[X],[X],[X],[X],[X],[X],[X],[X],[X],[X],-52,"2,407",387,333,"1,197",2,"1,170",508,344,531,28,101,243,12,41,19,17,[X],[X],[X],[X],281,51
January 2018,"75,495","76,392","26,080","13,291","12,756","5,599",252,"12,790","6,313","4,503","1,724","13,904","9,979",671,662,377,[X],[X],[X],[X],[X],[X],[X],-140,"2,126",376,259,"1,014",2,554,243,291,332,21,455,295,269,73,245,40,[X],[X],[X],[X],254,42
February 2018,"46,205","51,207","16,963","12,868","4,271","1,876",218,"11,151","6,029","4,239",577,"11,701","2,253",[X],[X],[X],[X],[X],[X],[X],[X],[X],[X],-67,"2,360",372,289,851,4,524,197,200,275,16,130,65,"1,167",57,235,36,[X],[X],[X],[X],272,61
March 2018,"38,925","42,374","14,833","14,507",605,269,223,"10,943","6,336","4,289",82,"7,602","2,121",[X],[X],[X],219,[X],[X],[X],[X],[X],[X],0,"2,053",382,309,917,3,677,244,242,287,20,120,337,94,45,22,15,[X],[X],51,[X],281,65
April 2018,"55,734","57,992","17,054","17,090",-65,5,273,"12,379","7,604","4,519",-6,"12,554","7,246",[X],512,456,[X],[X],[X],[X],[X],[X],[X],-13,"2,417",425,415,961,76,784,304,308,369,23,377,285,162,41,258,31,[X],[X],[X],[X],258,33
May 2018,"40,689","45,111","13,038","13,628",-102,4,228,"10,321","5,563","4,485",-9,"10,896","2,230",[X],[X],[X],[X],[X],[X],[X],[X],[X],[X],0,"2,314",487,236,894,36,970,272,313,351,22,281,278,"1,255",81,278,37,[X],[X],[X],[X],235,53
June 2018,"36,057","38,734","12,338","12,585",216,5,212,"10,488","5,855","4,336",20,"7,312","1,694",[X],[X],[X],[X],[X],[X],[X],[X],[X],[X],-67,"2,472",507,301,938,7,651,320,361,366,27,129,305,13,34,5,16,[X],[X],[X],[X],253,47
July 2018,"62,884","66,357","22,141","13,349","9,004",5,220,"12,748","7,198","4,487",830,"13,834","8,375",526,744,502,[X],[X],[X],[X],[X],[X],[X],-138,"2,351",465,288,"1,121",2,803,296,336,366,29,445,323,339,73,237,42,61,[X],[X],[X],256,91
August 2018,"44,390","47,014","13,771","12,872","1,338",8,228,"10,947","6,080","4,463",123,"11,430","2,072",[X],[X],[X],[X],[X],[X],[X],[X],[X],[X],-62,"2,377",473,296,"1,155",4,744,304,338,366,26,138,358,"1,346",68,203,42,1,[X],[X],[X],290,91
September 2018,"39,231","40,652","12,051","12,318",225,3,213,"10,591","5,916","4,377",21,"8,273","2,690",[X],[X],[X],[X],[X],[X],[X],[X],[X],[X],-6,"2,415",441,234,921,2,921,308,319,354,22,85,349,13,52,14,17,0,[X],[X],[X],303,69
October 2018,"54,012","56,504","13,258","12,866",154,5,218,"11,191","6,182","4,554",14,"13,160","9,778",772,648,524,[X],[X],[X],[X],[X],[X],[X],0,"2,241",460,421,"1,126",3,705,306,257,330,23,557,337,197,20,236,39,92,[X],[X],[X],300,73
November 2018,"43,861","47,909","13,033","12,676",130,6,219,"10,924","6,027","4,409",12,"12,033","2,271",[X],[X],[X],[X],[X],[X],[X],[X],[X],[X],0,"2,532",437,406,"1,061",2,"1,242",463,318,423,24,152,310,"1,341",113,152,44,1,[X],[X],[X],339,64
December 2018,"39,952","42,735","13,626","12,463","1,384",14,213,"10,906","6,006","4,436",127,"7,674","4,061",[X],[X],[X],[X],[X],[X],[X],[X],[X],[X],-324,"2,377",396,278,"1,105",2,269,503,342,496,27,115,231,6,49,15,18,0,[X],[X],[X],285,49
January 2019,"79,677","79,860","28,479","13,950","14,690","6,666",233,"13,196","6,618","4,666","1,614","13,701","9,757",614,687,422,[X],[X],[X],[X],[X],[X],[X],-125,"2,242",370,238,848,1,686,249,304,327,20,257,335,203,48,271,39,84,[X],[X],[X],263,58
February 2019,"49,697","54,367","17,197","13,580","3,838","2,192",226,"11,570","6,358","4,458",437,"13,373","2,025",[X],[X],[X],[X],[X],[X],[X],[X],[X],[X],4,"2,254",372,225,881,1,648,228,212,395,17,323,258,"1,301",69,197,29,1,[X],[X],[X],300,68
March 2019,"43,495","43,972","15,043","14,533",543,279,230,"11,589","6,691","4,511",61,"8,297","2,182",[X],[X],[X],12,[X],[X],[X],[X],[X],[X],-13,"2,154",527,281,930,3,866,226,255,248,18,126,264,21,35,59,14,0,[X],-1,[X],273,57
April 2019,"58,431","60,904","18,577","18,622",-183,5,271,"13,210","8,011","4,877",-17,"13,041","7,312",[X],560,429,[X],[X],[X],[X],[X],[X],[X],0,"2,374",456,276,962,76,647,313,305,347,25,361,297,322,35,299,37,77,[X],[X],[X],261,29
May 2019,"41,635","45,334","13,235","13,754",-245,4,226,"10,765","5,778","4,682",-23,"10,994","2,216",[X],[X],[X],[X],[X],[X],[X],[X],[X],[X],0,"2,271",393,259,831,26,648,286,332,343,26,283,320,"1,196",71,201,36,1,[X],[X],[X],258,112
June 2019,"38,930","41,681","12,910","13,085",160,5,230,"11,078","6,167","4,606",15,"8,118","2,836",[X],[X],[X],[X],[X],[X],[X],[X],[X],[X],0,"2,387",357,227,831,3,767,326,340,370,26,88,347,20,38,28,17,0,[X],[X],[X],270,60
July 2019,"65,830","68,212","22,706","13,785","9,356",4,246,"13,641","7,627","4,855",881,"13,640","9,168",469,627,467,[X],[X],[X],[X],[X],[X],[X],-137,"2,273",438,279,"1,116",4,724,275,306,337,22,492,370,376,87,276,56,84,[X],[X],[X],266,68
August 2019,"45,349","48,766","14,129","12,851","1,697",8,226,"11,379","6,265","4,666",160,"12,446","2,156",[X],[X],[X],[X],[X],[X],[X],[X],[X],[X],-26,"2,388",405,312,"1,029",3,889,305,310,372,26,128,394,"1,260",38,192,35,1,[X],[X],[X],291,70
September 2019,"40,589","42,966","12,396","12,591",297,4,218,"11,198","6,186","4,652",28,"8,254","3,985",[X],[X],[X],[X],[X],[X],[X],[X],[X],[X],-7,"2,350",432,231,"1,004",1,914,320,352,343,24,111,363,46,45,15,18,0,[X],[X],[X],301,45
October 2019,"53,727","55,552","12,793","12,990",117,4,234,"11,619","6,476","4,822",11,"13,569","8,527",401,667,417,[X],[X],[X],[X],[X],[X],[X],-1,"2,302",489,287,"1,059",5,669,311,274,338,23,523,360,257,71,272,41,88,[X],[X],[X],316,38
November 2019,"44,316","47,169","12,219","12,473",234,5,221,"11,147","6,212","4,643",22,"13,031","2,170",[X],[X],[X],[X],[X],[X],[X],[X],[X],[X],-14,"2,356",404,365,941,2,637,442,254,483,22,195,363,"1,311",56,152,41,1,[X],[X],[X],309,56
December 2019,"44,150","46,426","13,534","12,621","1,409",6,223,"11,523","6,368","4,738",133,"7,622","6,133",[X],[X],[X],[X],[X],[X],[X],[X],[X],[X],0,"2,427",478,304,"1,299",0,590,489,401,484,24,142,294,43,58,37,17,1,[X],[X],[X],263,33
January 2020,"81,573","81,603","29,327","13,981","15,295","7,048",238,"13,764","6,797","4,916","1,750","14,476","8,603",404,617,287,[X],[X],[X],[X],[X],[X],[X],-162,"2,128",417,312,777,1,"1,039",257,318,344,20,436,331,247,56,295,45,83,[X],[X],[X],238,60
February 2020,"49,324","53,868","17,134","14,026","3,296","2,408",243,"12,237","6,757","4,742",416,"12,586","1,906",[X],[X],[X],[X],[X],[X],[X],[X],[X],[X],-28,"2,296",407,299,824,3,473,233,211,287,17,129,292,"1,297",51,193,40,1,[X],[X],[X],276,52
March 2020,"38,300","40,946","14,282","14,060",576,326,222,"11,309","6,462","4,419",68,"2,107","6,552",[X],[X],388,5,[X],[X],[X],[X],[X],[X],-34,"1,950",446,466,928,2,805,269,43,246,15,133,82,41,34,44,15,1,[X],0,[X],239,30
April 2020,"32,745","35,181","14,474","15,585",-749,7,210,"11,049","6,702","4,139",-84,-896,"3,332",[X],611,301,[X],[X],[X],[X],[X],[X],[X],0,"1,389",307,439,548,68,"1,538",286,69,320,12,225,30,249,38,271,33,30,[X],[X],[X],208,30
May 2020,"24,274","26,023","11,001","11,731",-215,10,203,"9,425","5,193","4,007",-24,-583,904,[X],[X],[X],[X],[X],[X],[X],[X],[X],[X],-3,"1,002",319,298,361,20,230,340,117,380,24,258,7,"1,218",53,214,10,0,[X],[X],[X],194,21
June 2020,"33,426","35,809","12,556","13,194",105,21,247,"11,288","6,378","4,634",12,"1,078","4,811",[X],[X],308,[X],[X],[X],[X],[X],[X],[X],-1,"1,637",508,257,573,5,541,332,535,394,24,150,62,135,9,40,15,45,[X],[X],[X],193,48
July 2020,"50,792","52,888","18,107","14,259","4,705",41,273,"13,703","7,982","4,927",529,"10,576","3,028",84,626,[X],[X],[X],[X],[X],[X],[X],[X],-60,"1,861",432,283,656,4,870,338,309,381,26,414,43,369,60,201,40,66,[X],[X],[X],209,31
August 2020,"41,980","45,364","14,675","13,145","1,842",44,238,"11,513","6,451","4,597",207,"10,069","1,646",[X],[X],[X],[X],[X],[X],[X],[X],[X],[X],-72,"2,149",402,213,530,3,888,360,372,459,28,149,34,"1,157",64,150,14,1,[X],[X],[X],248,31
September 2020,"44,652","46,895","13,339","13,344",362,69,246,"11,635","6,589","4,753",41,"7,797","7,378",[X],[X],205,[X],[X],[X],[X],[X],[X],[X],-8,"2,148",465,156,693,1,"1,053",331,331,390,24,148,93,45,17,35,17,0,[X],[X],[X],253,34
October 2020,"49,603","50,272","13,272","13,288",369,72,242,"11,524","6,547","4,660",41,"13,443","3,939",173,586,[X],[X],[X],[X],[X],[X],[X],[X],0,"2,187",570,287,751,2,827,390,315,386,21,298,87,360,66,194,50,82,[X],[X],[X],288,35
November 2020,"44,864","48,655","14,140","13,344",643,92,243,"11,675","6,599","4,731",78,"12,219","2,319",[X],[X],[X],[X],[X],[X],[X],[X],[X],[X],-63,"2,135",493,249,825,2,885,453,278,450,25,350,39,"1,212",85,172,52,1,[X],[X],[X],285,41
December 2020,"49,444","52,309","15,381","13,711","2,240",114,234,"12,214","6,815","4,865",272,"8,537","8,980",[X],[X],266,[X],[X],[X],[X],[X],[X],[X],0,"1,936",462,439,"1,181",1,699,476,250,495,18,125,89,19,23,36,24,0,[X],[X],[X],274,36
January 2021,"77,217","79,201","30,780","14,436","16,465","7,576",250,"14,347","6,973","4,722","2,390","15,368","4,075",241,520,[X],[X],[X],[X],[X],[X],[X],[X],-1,"1,714",378,313,579,1,981,302,232,338,16,435,59,218,67,266,48,72,[X],[X],[X],229,38
February 2021,"52,204","54,381","19,273","14,884","4,282","2,363",258,"12,471","7,129","4,754",330,"11,179","2,403",[X],[X],[X],[X],[X],[X],[X],[X],[X],[X],-30,"1,599",442,279,775,1,588,229,149,303,14,162,32,"1,311",70,163,39,1,[X],[X],[X],252,54
March 2021,"54,813","57,236","16,743","15,900","1,139",721,266,"12,616","7,440","4,801",86,"12,862","7,674",[X],[X],329,140,[X],[X],[X],[X],[X],[X],-3,"1,418",549,466,"1,196",2,864,280,127,363,15,123,25,16,15,36,16,0,[X],-1,[X],329,48
April 2021,"54,081","58,273","18,628","18,321",289,174,291,"13,382","8,150","4,867",31,"14,660","2,809",[X],484,[X],[X],[X],[X],[X],[X],[X],[X],-66,"2,013",497,386,991,66,"1,362",328,256,411,14,415,20,335,48,245,36,66,[X],[X],[X],382,39
May 2021,"45,779","48,447","15,258","15,111",303,124,261,"11,566","6,456","4,760",33,"11,838","1,976",[X],[X],[X],[X],[X],[X],[X],[X],[X],[X],-46,"2,313",469,331,652,19,450,368,309,400,24,146,18,"1,251",69,254,42,1,[X],[X],[X],332,25
June 2021,"49,539","52,038","15,063","15,098",762,160,262,"12,537","7,083","4,976",81,"8,655","8,044",[X],[X],536,[X],[X],[X],[X],[X],[X],[X],-18,"2,252",539,410,"1,208",5,612,359,343,420,20,148,26,16,17,37,20,0,[X],[X],[X],325,43
July 2021,"65,087","66,855","22,699","14,958","8,554",267,257,"14,050","8,000","4,948",900,"17,113","3,630",394,297,[X],[X],[X],[X],[X],[X],[X],[X],-13,"2,269",571,325,"1,309",4,"1,211",362,381,392,20,421,38,453,47,208,48,86,[X],[X],[X],377,34
August 2021,"51,121","53,948","16,206","14,476","2,218",122,253,"12,418","6,990","4,886",234,"14,714","2,101",[X],[X],[X],[X],[X],[X],[X],[X],[X],[X],-53,"2,288",576,284,910,2,709,362,343,392,25,225,63,"1,216",90,225,42,0,[X],[X],[X],375,59
September 2021,"52,076","53,804","15,044","14,589",695,132,254,"12,591","7,102","5,022",74,"8,326","9,555",[X],[X],610,[X],[X],[X],[X],[X],[X],[X],-27,"2,252",488,293,"1,283",2,"1,171",359,336,388,25,100,77,31,19,20,20,0,[X],[X],[X],406,46
October 2021,"56,384","57,370","14,500","14,504",362,200,260,"12,438","7,076","4,980",39,"17,122","4,714",699,351,[X],[X],[X],[X],[X],[X],[X],[X],-103,"2,269",466,396,"1,323",2,758,420,345,406,23,349,91,208,19,175,41,91,[X],[X],[X],437,69
November 2021,"51,725","55,273","15,278","14,926",597,153,253,"12,772","7,231","5,108",64,"15,083","2,404",[X],[X],[X],[X],[X],[X],[X],[X],[X],[X],0,"2,233",500,328,"1,209",6,915,507,340,464,16,354,126,"1,463",125,219,44,0,[X],[X],[X],428,53
December 2021,"58,240","59,349","16,578","14,881","2,402",119,247,"12,836","7,202","5,078",253,"9,162","11,787",[X],[X],664,[X],[X],[X],[X],[X],[X],[X],0,"2,285",474,401,"1,737",2,738,517,357,520,17,108,149,66,19,17,41,0,[X],[X],[X],458,51
January 2022,"87,028","89,721","32,371","16,287","16,424","10,669",286,"15,275","7,724","5,112","2,108","18,567","5,215",903,336,[X],[X],[X],[X],[X],[X],[X],[X],-53,"1,841",443,252,944,5,876,274,266,309,20,509,154,313,53,236,15,88,[X],[X],[X],414,45
February 2022,"59,496","61,645","19,889","16,981","3,040","2,091",287,"14,110","8,128","5,257",390,"14,794","2,370",[X],[X],[X],[X],[X],[X],[X],[X],[X],[X],-96,"2,041",448,592,"1,186",4,695,256,227,336,13,156,111,"1,257",86,268,44,1,[X],[X],[X],429,52
March 2022,"56,581","58,996","19,097","18,121","1,382","1,052",304,"14,068","8,371","5,215",177,"7,513","9,140",[X],[X],526,220,380,[X],[X],[X],[X],[X],-77,"1,916",585,373,"1,346",3,780,288,244,295,18,143,146,18,75,25,17,0,[X],0,[X],429,70
April 2022,"66,361","69,001","22,905","22,631",338,145,356,"15,651","9,750","5,478",31,"17,213","3,574",[X],263,[X],[X],[X],[X],[X],[X],[X],[X],-29,"2,095",507,403,"1,463",60,"1,276",369,316,422,15,504,200,335,36,247,33,80,[X],[X],[X],506,55
May 2022,"51,667","53,230","16,414","16,904",176,178,270,"13,976","7,713","5,884",16,"11,309","2,383",[X],[X],[X],[X],[X],[X],[X],[X],[X],[X],-8,"2,278",564,307,"1,229",28,613,299,319,336,25,194,225,"1,386",103,288,42,0,[X],[X],[X],412,60
June 2022,"55,253","56,560","16,149","16,129",813,154,294,"14,509","8,149","5,908",76,"8,588","8,835",[X],[X],630,[X],[X],51,[X],[X],[X],[X],-4,"2,170",726,306,"1,378",6,695,367,350,398,16,112,263,46,11,22,19,0,[X],[X],[X],416,51
July 2022,"71,372","73,911","25,381","16,730","9,297",153,293,"16,356","9,170","5,952",865,"17,243","5,792","1,921",339,[X],[X],[X],[X],[X],[X],[X],[X],-18,"2,063",570,315,"1,497",3,900,334,308,371,21,326,269,413,74,218,41,92,58,[X],[X],448,48
August 2022,"55,499","58,223","18,371","16,688","2,312",189,286,"14,653","8,646","5,444",215,"12,850","2,651",[X],[X],[X],[X],[X],[X],[X],[X],[X],[X],-104,"2,127",576,291,"1,578",5,773,314,325,366,21,390,307,"1,346",57,286,39,1,9,[X],[X],433,84
September 2022,"57,520","57,944","15,915","15,729",653,185,267,"13,969","8,245","5,294",61,"8,628","10,425",[X],[X],719,[X],[X],41,[X],[X],[X],[X],-2,"2,011",557,369,"1,457",4,"1,221",337,356,358,17,93,306,98,38,23,20,0,2,[X],[X],472,58
October 2022,"61,936","63,805","16,436","16,296",476,190,283,"14,524","8,604","5,495",44,"16,719","7,149","2,645",365,[X],[X],[X],[X],[X],[X],[X],[X],0,"2,131",580,367,"1,317",6,677,390,288,357,26,341,290,316,78,212,31,94,59,[X],[X],525,54
November 2022,"55,536","58,458","16,846","16,554",692,231,292,"14,643","8,706","5,558",64,"14,375","2,714",[X],[X],[X],[X],[X],[X],[X],[X],[X],[X],0,"2,118",673,246,"1,337",3,713,407,314,385,34,377,299,"1,508",73,253,46,1,6,[X],[X],503,63
December 2022,"62,435","62,732","18,765","16,896","2,370",188,283,"13,622","8,134","4,956",220,"8,988","10,867",[X],[X],665,[X],[X],33,"1,660",[X],[X],[X],0,"2,068",545,332,"1,420",1,988,521,305,544,17,109,250,24,15,19,19,0,2,[X],[X],428,57
January 2023,"1,02,849","1,06,375","39,802","18,233","21,997","12,796",306,"16,487","8,645","5,043","2,351","19,662","8,370","2,046",366,[X],[X],[X],[X],972,[X],[X],[X],-26,"1,965",578,248,827,2,748,261,328,311,18,566,288,474,68,226,36,85,53,[X],[X],489,70
February 2023,"60,510","63,150","21,015","18,434","3,080","1,920",301,"14,370","8,702","5,011",329,"14,014","3,837",[X],[X],[X],[X],[X],[X],[X],[X],[X],[X],-41,"2,177",531,299,846,3,581,233,200,287,14,145,245,"1,327",52,281,35,0,9,[X],[X],380,89
March 2023,"61,391","63,616","20,360","20,069",735,600,352,"14,685","9,138","5,025",79,"8,459","11,298",[X],[X],566,42,567,33,[X],[X],[X],[X],-2,"1,902",679,299,"1,010",2,818,302,271,255,13,146,242,69,22,22,18,1,2,0,[X],514,73
April 2023,"68,310","71,840","24,802","25,277",-206,134,378,"16,564","10,827","5,425",-20,"17,944","3,778",[X],238,[X],[X],[X],[X],[X],[X],[X],[X],-20,"2,086",597,252,918,69,648,337,319,388,20,554,285,548,70,231,41,83,54,[X],[X],426,99
May 2023,"54,837","57,961","19,528","19,886",-30,177,295,"13,948","8,414","5,188",-3,"13,712","2,453",[X],[X],[X],[X],[X],[X],[X],[X],[X],[X],0,"2,058",609,250,867,26,503,314,300,357,20,174,287,"1,270",31,290,29,-1,8,[X],[X],383,72
June 2023,"59,010","60,876","18,117","18,384",743,140,300,"13,852","8,301","5,130",72,"9,322","11,809",[X],[X],427,[X],[X],[X],[X],[X],[X],[X],0,"2,136",795,338,955,7,555,349,310,341,24,139,315,62,17,5,14,0,5,[X],[X],431,111
July 2023,"76,736","80,563","29,823","19,684","11,349",157,343,"16,708","9,850","5,407","1,143","18,553","4,996",862,315,[X],[X],[X],[X],"1,071",[X],[X],[X],0,"1,681",603,239,"1,076",4,923,484,388,424,18,539,332,884,77,248,46,88,59,[X],[X],394,92
August 2023,"58,607","61,641","19,952","18,881","1,512",170,306,"14,422","8,685","5,312",147,"15,429","1,918",[X],[X],[X],[X],[X],[X],[X],[X],[X],[X],-118,"2,555",644,283,"1,125",4,865,528,404,623,24,145,371,"1,159",34,194,30,1,6,[X],[X],420,146
September 2023,"60,144","61,845","17,699","17,961",141,165,299,"13,808","8,371","5,146",14,"7,514","13,842",[X],[X],442,[X],[X],64,692,807,11,[X],-119,"1,962",623,223,"1,015",7,927,193,255,253,15,126,347,71,21,22,18,0,1,[X],[X],455,88
October 2023,"64,232","67,399","18,798","18,580",300,174,305,"14,396","8,635","5,281",29,"18,332","5,542",783,299,[X],[X],[X],[X],967,[X],2,[X],-3,"2,122",691,266,"1,119",4,715,307,264,360,15,572,347,770,86,248,48,86,59,[X],[X],410,96
November 2023,"56,940","59,566","19,178","18,368",553,172,310,"14,315","8,604","5,301",54,"14,479","2,777",[X],[X],[X],[X],[X],[X],[X],[X],[X],[X],-3,"2,234",594,242,973,3,671,392,299,399,22,160,353,"1,263",39,117,27,0,6,[X],[X],480,66
December 2023,"65,838","65,540","19,774","18,256","1,738",159,296,"14,167","8,429","5,263",169,"8,987","14,362",[X],[X],332,[X],[X],[X],[X],330,[X],[X],0,"2,102",547,322,"1,112",3,751,471,343,462,20,127,292,76,12,21,17,0,3,[X],[X],378,74
January 2024,"1,05,243","1,07,792","42,276","20,612","21,723","10,620",338,"18,022","9,608","5,672","2,407","19,719","8,027","1,306",577,[X],[X],[X],[X],857,[X],[X],[X],-153,"1,841",556,203,808,2,901,256,286,362,20,586,323,439,46,238,34,76,62,[X],[X],371,100
February 2024,"62,273","66,329","23,468","19,917","3,704","1,926",326,"14,412","9,159","4,544",410,"15,230","3,106",[X],[X],[X],[X],[X],[X],[X],[X],[X],[X],-11,"2,115",564,292,781,3,657,238,215,313,7,136,279,"1,526",37,193,33,2,6,[X],[X],353,123
March 2024,"64,181","67,232","21,842","21,465",730,500,343,"14,575","9,619","4,568",81,"9,169","13,048",[X],[X],245,108,678,39,[X],336,[X],[X],0,"2,030",676,287,864,1,687,269,238,328,17,132,280,77,19,19,14,1,2,0,[X],304,102
April 2024,"73,649","75,852","27,554","28,120",-373,156,413,"17,178","11,756","5,091",-27,"17,588","4,314",[X],274,[X],[X],[X],[X],[X],[X],[X],[X],0,"1,903",683,368,957,78,814,309,286,381,15,624,320,615,49,289,39,77,55,[X],[X],435,79
May 2024,"55,815","58,335","20,207","21,074",-49,161,329,"12,856","8,738","3,779",-4,"13,472","3,049",[X],[X],[X],[X],[X],[X],[X],[X],[X],[X],0,"2,044",701,389,"1,018",24,459,320,303,393,22,136,305,"1,431",27,240,25,0,6,[X],[X],357,60
June 2024,"62,259","63,893","20,220","20,066",705,157,315,"12,988","8,848","3,783",50,"10,363","12,354",[X],[X],245,[X],[X],[X],[X],275,[X],[X],0,"2,067",701,350,"1,016",4,619,352,359,378,26,124,346,69,22,26,19,0,0,[X],[X],433,63
July 2024,"81,248","83,691","33,465","21,543","12,764",183,334,"15,607","10,404","3,976",909,"18,540","5,434",505,359,[X],[X],[X],[X],791,[X],[X],[X],-132,"2,116",749,335,"1,185",4,783,316,317,384,27,629,357,957,75,227,48,84,60,[X],[X],383,71
August 2024,"57,993","60,617","20,942","19,800","1,503",197,320,"13,189","8,980","3,778",107,"14,145","3,199",[X],[X],[X],[X],[X],[X],[X],[X],[X],[X],-44,"2,054",697,384,"1,112",3,797,320,322,381,19,119,403,"1,352",56,135,30,0,4,[X],[X],395,86
September 2024,"63,533","64,008","19,386","19,474",448,192,327,"13,031","8,895","3,758",32,"9,146","14,188",[X],[X],271,[X],[X],59,[X],299,14,[X],0,"2,059",736,263,"1,103",4,798,323,293,366,22,147,374,73,13,24,19,0,0,[X],[X],424,51
October 2024,"69,907","69,316","19,882","19,486",430,251,330,"13,542","9,170","3,915",31,"18,654","6,108",332,317,[X],[X],[X],[X],"1,114",[X],3,[X],0,"1,983",776,391,"1,357",4,653,372,268,406,15,622,378,956,87,167,46,82,59,[X],[X],434,56
November 2024,"59,755","61,366","20,515","20,051",585,222,336,"13,496","9,200","3,912",42,"15,406","2,429",[X],[X],[X],[X],[X],[X],[X],[X],[X],[X],0,"2,253",665,455,"1,310",4,755,347,285,387,13,146,376,"1,201",44,159,29,0,5,[X],[X],468,60
December 2024,"69,368","70,162","22,537","20,372","2,449",335,329,"14,011","9,493","3,975",174,"8,613","16,575",[X],[X],179,[X],[X],[X],[X],130,[X],[X],0,"1,904",620,347,"1,517",3,493,590,313,585,21,151,311,53,15,21,19,0,1,[X],[X],436,52
January 2025,"1,06,405","1,12,022","49,304","23,299","25,860","10,033",356,"16,920","10,182","4,148","2,168","19,317","6,904","1,125",369,[X],[X],[X],[X],952,[X],[X],[X],-62,"1,780",639,287,848,1,610,283,297,315,18,640,360,853,50,299,45,80,58,[X],[X],393,74
February 2025,"70,956","68,846","25,224","22,021","3,242","1,387",345,"14,563","9,880","3,955",272,"16,165","2,971",[X],[X],[X],[X],[X],[X],[X],[X],[X],[X],-112,"2,155",612,330,"1,051",2,668,347,308,426,16,149,297,"1,259",35,169,25,1,4,[X],[X],370,76
March 2025,"68,699","70,541","23,560","23,611",601,412,365,"15,137","10,522","3,988",50,"9,586","13,388",[X],[X],278,105,808,43,[X],45,[X],[X],0,"2,041",671,423,"1,408",2,478,275,167,321,8,128,298,61,15,35,16,0,1,[X],[X],368,99
April 2025,"79,125","80,851","29,822","30,714",-549,191,474,"17,568","12,665","4,482",-26,"18,890","4,484",[X],296,[X],[X],[X],[X],[X],[X],[X],[X],0,"2,032",780,459,"1,306",79,796,269,289,346,18,644,336,648,65,399,33,80,57,[X],[X],409,82
May 2025,"61,181","62,823","21,208","22,224",77,232,333,"14,941","10,664","3,899",4,"14,848","2,967",[X],[X],[X],[X],[X],[X],[X],[X],[X],[X],0,"2,122",701,399,930,19,599,209,285,297,22,178,363,"1,481",26,176,34,1,7,[X],[X],375,70
June 2025,"66,239","67,110","21,052","21,302",874,144,341,"15,313","10,954","3,915",42,"9,944","13,006",[X],[X],275,[X],[X],[X],[X],[X],[X],[X],0,"1,926",738,333,"1,055",11,669,395,346,404,33,160,392,41,16,30,20,0,-1,[X],[X],382,83
July 2025,"90,812","92,843","37,751","22,779","15,452",165,361,"18,164","12,852","4,196",735,"20,116","5,806",868,344,[X],[X],[X],[X],928,[X],[X],[X],-266,"2,055",844,366,"1,422",4,773,291,305,348,27,642,398,"1,025",73,233,48,86,61,[X],[X],409,65
August 2025,"62,028","63,052","21,775","21,005","1,304",190,341,"15,810","11,400","3,983",62,"13,021","3,119",[X],[X],[X],[X],[X],[X],[X],[X],[X],[X],0,"2,031",658,373,"1,314",3,646,375,323,391,29,162,439,"1,301",68,126,32,0,5,[X],[X],433,85
September 2025,"71,246","71,201","22,053","22,298",497,207,349,"16,400","11,853","4,150",24,"9,870","14,488",[X],[X],258,[X],[X],43,[X],[X],17,[X],0,"2,208",671,302,"1,454",4,732,266,291,349,25,140,434,40,22,25,20,0,1,[X],[X],464,67
October 2025,"74,787","75,323","21,613","21,518",447,230,362,"16,181","11,638","4,088",21,"20,282","5,809",406,413,[X],[X],[X],[X],920,[X],3,[X],0,"2,017",811,457,"1,531",3,644,356,257,441,21,612,383,985,91,174,47,93,59,[X],[X],453,76
November 2025,"62,444","64,944","21,704","21,431",587,224,336,"16,079","11,638","4,000",28,"14,915","2,566",[X],[X],[X],[X],[X],[X],[X],[X],[X],[X],0,"2,256",588,358,"1,371",4,593,533,318,468,31,189,435,"1,258",58,140,29,0,3,[X],[X],429,60
December 2025,"76,978","79,235","25,244","22,075","3,054",231,338,"16,780","11,940","4,124",145,"9,923","18,322",[X],[X],309,[X],[X],[X],[X],[X],[X],[X],0,"2,098",769,441,"1,725",3,647,486,300,528,24,133,355,43,14,17,20,3,4,[X],[X],406,72
January 2026,"1,25,510","1,26,444","51,255","23,582","27,589","18,948",375,"18,579","12,599","4,226","1,351","21,753","6,513",935,390,[X],[X],[X],[X],716,[X],[X],[X],0,"1,985",537,353,899,3,431,207,252,289,19,643,409,872,142,250,36,86,55,[X],[X],367,81
February 2026,"73,507","75,743","27,956","23,889","4,218","3,018",385,"17,316","12,597","4,153",206,"16,225","2,671",[X],[X],[X],[X],[X],[X],[X],[X],[X],[X],0,"2,043",614,412,995,3,461,400,307,390,30,177,356,"1,255",23,195,35,0,3,[X],[X],381,92
March 2026,"75,254","78,194","25,497","25,421",521,530,395,"17,698","13,104","4,186",26,"10,073","15,354",[X],[X],328,604,944,46,[X],41,[X],[X],-177,"1,786",755,482,"1,157",3,577,282,188,357,17,151,318,88,25,26,15,5,2,[X],[X],463,163
April 2026,"85,368","85,214","31,039","32,329",-653,162,458,"20,918","15,551","4,642",-30,"18,310","4,981",[X],294,[X],[X],[X],[X],[X],[X],[X],[X],0,"2,335",715,467,"1,287",86,696,277,249,370,22,692,334,499,35,338,31,86,56,[X],[X],448,27
May 2026,"64,461","65,414","22,022","24,222",9,168,359,"14,760","11,307","4,130",0,"15,950","3,316",[X],[X],[X],[X],[X],[X],[X],[X],[X],[X],0,"2,006",730,495,"1,068",15,587,330,345,366,28,177,362,"1,621",38,186,40,1,3,[X],[X],370,70
June 2026,"72,629","74,055","23,610","23,831","1,096",192,369,"16,738","12,048","4,274",51,"10,276","15,193",[X],[X],324,[X],[X],[X],[X],[X],[X],[X],0,"2,026",871,421,"1,239",6,652,299,282,338,28,116,414,52,5,30,18,0,10,[X],[X],438,109
July 2026,"97,476","97,999","40,889","23,439","17,140",194,372,"19,074","13,185","4,222",794,"20,233","6,332",317,416,[X],[X],[X],[X],762,[X],[X],[X],-63,"1,998",868,425,"1,386",4,983,256,298,374,26,948,445,789,52,245,44,97,60,[X],[X],425,68
August 2026,"66,216","68,886","24,330","24,079","1,476",198,364,"16,641","12,449","4,273",69,"15,874","2,416",[X],[X],[X],[X],[X],[X],[X],[X],[X],[X],-29,"2,123",598,332,"1,222",2,499,452,389,434,36,220,481,"1,524",65,131,26,0,4,[X],[X],454,100
End of worksheet,,,,,,,,,,,,,,,,,,,,,,,,,,,,,,,,,,,,,,,,,,,,,,
